category,attribute
Bed & Breakfast,
Austrian,
Electronics Repair,
Tanning,
Computers,
Motorcycle Repair,
Adult Entertainment,
Art Classes,
Cantonese,
Ticket Sales,
African,
Holiday Decorations,
Breakfast & Brunch,
Country Clubs,
Hot Pot,
Event Planning & Services,
Dim Sum,
Botanical Gardens,
Medical Cannabis Referrals,
Vinyl Records,
Furniture Repair,
Art Galleries,
Post Offices,
Auto Parts & Supplies,
Calabrian,
Martial Arts,
Honduran,
Live/Raw Food,
Mags,
Party & Event Planning,
Cooking Classes,
Kids Activities,
Psychologists,
Cheese Shops,
Indoor Playcentre,
Wedding Chapels,
Gay Bars,
Mauritius,
Nutritionists,
Imported Food,
Rotisserie Chicken,
Town Car Service,
Restaurant Supplies,
Club Crawl,
Pediatricians,
Physical Therapy,
Bistros,
Shaved Snow,
Irish Pub,
Empanadas,
Resorts,
Custom Cakes,
Laser Hair Removal,
Towing,
Irish,
Arts & Entertainment,
Bubble Tea,
Bike Repair/Maintenance,
Landscaping,
Women's Clothing,
Appliances & Repair,
Amateur Sports Teams,
Casinos,
Fish & Chips,
Themed Cafes,
Stadiums & Arenas,
Accessories,
Dinner Theater,
Orthodontists,
Dive Bars,
Tiling,
Hiking,
Art Museums,
Automotive,
Jewelry,
Beer Gardens,
Men's Clothing,
Special Education,
Cooking Schools,
Thai,
Hot Dogs,
Oaxacan,
Banks & Credit Unions,
Sugar Shacks,
Swimming Pools,
Tasting Classes,
Hair Extensions,
Food Tours,
Eyelash Service,
Vacation Rentals,
International,
Estate Planning Law,
Museums,
Occupational Therapy,
Home & Garden,
Udon,
Kitchen & Bath,
Playgrounds,
Supper Clubs,
Nail Salons,
Audio/Visual Equipment Rental,
Venezuelan,
Food Delivery Services,
Pop-Up Restaurants,
Balloon Services,
Belgian,
Wineries,
Hobby Shops,
Cannabis Dispensaries,
Counseling & Mental Health,
Auto Insurance,
Mexican,
Cheesesteaks,
Nurseries & Gardening,
Guamanian,
Local Services,
Hostels,
Salvadoran,
Car Wash,
Donuts,
Synagogues,
Pita,
Escape Games,
Vape Shops,
Furniture Rental,
Photographers,
Home Cleaning,
Drive-Thru Bars,
Fitness & Instruction,
Fashion,
Reiki,
Shaved Ice,
Coffee Roasteries,
Advertising,
Boat Charters,
Cuban,
Candle Stores,
Dog Walkers,
Piercing,
Bankruptcy Law,
Cafes,
Septic Services,
Lawyers,
Tapas/Small Plates,
Blow Dry/Out Services,
Wholesale Stores,
Windshield Installation & Repair,
Used,
Eatertainment,
Falafel,
Pilates,
Ethical Grocery,
Colleges & Universities,
Food Stands,
Specialty Schools,
Leisure Centers,
Christmas Trees,
Handyman,
South African,
Landmarks & Historical Buildings,
New Mexican Cuisine,
Historical Tours,
Waffles,
Australian,
Arts & Crafts,
Acupuncture,
Hainan,
Bartenders,
Limos,
Outlet Stores,
Beer Bar,
Books,
Poke,
Food,
Pets,
Gluten-Free,
Department Stores,
Shoe Stores,
Golf Lessons,
Coffee & Tea,
Arcades,
Gastropubs,
Fondue,
Funeral Services & Cemeteries,
Personal Injury Law,
Customized Merchandise,
Cannabis Collective,
Tours,
Professional Services,
Cultural Center,
Transmission Repair,
Food Court,
Donairs,
Tex-Mex,
Race Tracks,
Printing Services,
Dance Studios,
Car Dealers,
Signmaking,
Jazz & Blues,
Auto Repair,
Doctors,
Day Spas,
Preschools,
Flowers & Gifts,
Bounce House Rentals,
Tai Chi,
Cosmetics & Beauty Supply,
Trampoline Parks,
Cannabis Clinics,
Carpet Installation,
Massage Therapy,
Mattresses,
Business Consulting,
Furniture Stores,
Haitian,
Popcorn Shops,
Chinese,
Brasseries,
Wholesalers,
Beverage Store,
Movers,
Go Karts,
Tonkatsu,
Mountain Biking,
Airport Shuttles,
Vitamins & Supplements,
Plumbing,
Divorce & Family Law,
Graphic Design,
Horseback Riding,
Noodles,
Bookstores,
Photo Booth Rentals,
Peruvian,
Waxing,
Vietnamese,
Ethnic Food,
Music & Video,
Observatories,
Butcher,
Recording & Rehearsal Studios,
Commercial Truck Repair,
Souvenir Shops,
Community Service/Non-Profit,
Scandinavian,
Olive Oil,
Airport Lounges,
Indonesian,
Visitor Centers,
Uzbek,
Shopping Centers,
Party Supplies,
Puerto Rican,
Salad,
Vegetarian,
Auto Customization,
Indian,
Aquarium Services,
Boating,
Bar Crawl,
Bikes,
Himalayan/Nepalese,
Mobile Phone Repair,
Pet Groomers,
Pubs,
Buffets,
Beaches,
Photography Stores & Services,
Window Washing,
Steakhouses,
Transportation,
Specialty Food,
Flea Markets,
Asian Fusion,
Burgers,
Yelp Events,
CSA,
Trusts,
Wine Tasting Classes,
Lounges,
Colombian,
Office Cleaning,
Unofficial Yelp Events,
Party Equipment Rentals,
Rest Stops,
Do-It-Yourself Food,
Soup,
Pet Stores,
Bridal,
& Probates,
Nail Technicians,
Dominican,
Gyms,
Antiques,
Health Coach,
Financial Services,
Tea Rooms,
Libraries,
Slovakian,
Ukrainian,
Kebab,
Car Rental,
Catalan,
Vintage & Consignment,
Cardiologists,
Trainers,
Tobacco Shops,
Tax Law,
Laser Tag,
Izakaya,
Animal Physical Therapy,
Outdoor Furniture Stores,
Tempura,
Acai Bowls,
Auto Upholstery,
Home Decor,
Florists,
Aquariums,
Skin Care,
Wine & Spirits,
Tiki Bars,
Cosmetic Dentists,
Seafood,
Head Shops,
Breweries,
Electronics,
Fruits & Veggies,
Real Estate Services,
Polynesian,
Cocktail Bars,
Trinidadian,
Education,
Videos & Video Game Rental,
Door Sales/Installation,
Makeup Artists,
Musicians,
Strip Clubs,
Organic Stores,
Mass Media,
Delicatessen,
Eritrean,
Dance Schools,
Macarons,
Traditional Clothing,
Gardeners,
Amusement Parks,
German,
Security Systems,
Truck Rental,
Naturopathic/Holistic,
Russian,
Wigs,
Teeth Whitening,
Hong Kong Style Cafe,
Sandwiches,
Performing Arts,
Toy Stores,
Moroccan,
Water Stores,
Masonry/Concrete,
Print Media,
Pretzels,
Medical Spas,
Insurance,
Adult Education,
Glass & Mirrors,
Religious Organizations,
Meditation Centers,
Filipino,
Bus Tours,
Pet Sitting,
IT Services & Computer Repair,
Armenian,
Golf Equipment Shops,
Wraps,
Currency Exchange,
Golf,
Bingo Halls,
Weight Loss Centers,
Guest Houses,
Service Stations,
Used Car Dealers,
Beer Tours,
Delis,
Pancakes,
Restaurants,
International Grocery,
Office Equipment,
General Dentistry,
Cheese Tasting Classes,
Supernatural Readings,
Canadian (New),
Chimney Cakes,
Patisserie/Cake Shop,
Sports Clubs,
Spray Tanning,
Gelato,
Eastern European,
Bagels,
Animal Shelters,
Portuguese,
Hotel bar,
Distilleries,
Interior Design,
Farms,
Vehicle Wraps,
Home Window Tinting,
Pub Food,
Hakka,
Candy Stores,
Ramen,
Diners,
Dumplings,
Italian,
Meaderies,
Iberian,
Video Game Stores,
Afghan,
Private Tutors,
Ophthalmologists,
Appliances,
Pakistani,
Drugstores,
Pan Asian,
Bakeries,
Creperies,
Reunion,
Laundry Services,
Emergency Medicine,
Grocery,
Kiosk,
Social Clubs,
Polish,
Paint & Sip,
Taiwanese,
Cigar Bars,
Travel Services,
Tapas Bars,
DJs,
Cajun/Creole,
Coffeeshops,
Middle Eastern,
Herbs & Spices,
Conveyor Belt Sushi,
Hair Stylists,
Cupcakes,
Bangladeshi,
Holistic Animal Care,
Shanghainese,
Party Bus Rentals,
Opera & Ballet,
Local Fish Stores,
Hot Tub & Pool,
Personal Chefs,
Gun/Rifle Ranges,
Poutineries,
Painters,
Chocolatiers & Shops,
Pet Adoption,
Animal Assisted Therapy,
Piano Bars,
Airports,
Soba,
Body Shops,
Soccer,
Electricians,
Virtual Reality Centers,
Acne Treatment,
Grilling Equipment,
Food Trucks,
Szechuan,
Ethiopian,
Beauty & Spas,
Internet Cafes,
Reflexology,
Pizza,
Drywall Installation & Repair,
Barbeque,
Windows Installation,
Employment Agencies,
Juice Bars & Smoothies,
Veterinarians,
Cabaret,
Check Cashing/Pay-day Loans,
Pet Boarding,
Sushi Bars,
Basque,
Hospitals,
Cambodian,
Medical Centers,
Game Meat,
Music Venues,
Wedding Planning,
Health Markets,
Czech/Slovakian,
Bocce Ball,
Art Schools,
Team Building Activities,
Carpet Cleaning,
Lighting Fixtures & Equipment,
Health & Medical,
Pool Halls,
Dry Cleaning,
Pumpkin Patches,
Ice Cream & Frozen Yogurt,
Caribbean,
Massage,
Horse Racing,
Used Bookstore,
Pasta Shops,
Churches,
Local Flavor,
Home Services,
Fast Food,
Tanning Beds,
Oil Change Stations,
Comedy Clubs,
Honey,
Optometrists,
Japanese Curry,
Southern,
Web Design,
Barbers,
Rock Climbing,
Screen Printing,
Security Services,
Malaysian,
Teppanyaki,
Personal Assistants,
Software Development,
Tacos,
Yoga,
Wine Bars,
Mongolian,
Spanish,
Grill Services,
Kombucha,
Greek,
Personal Shopping,
Caterers,
Karaoke,
Lakes,
Festivals,
Shopping,
Cinema,
Auto Glass Services,
Pain Management,
Leather Goods,
Hawaiian,
Studio Taping,
Egyptian,
Hungarian,
Halal,
Zoos,
Couriers & Delivery Services,
Wine Tours,
Sports Wear,
Laotian,
Mini Golf,
Kosher,
Newspapers & Magazines,
Life Coach,
American (Traditional),
Art Supplies,
Lebanese,
Cafeteria,
Knife Sharpening,
Herbal Shops,
Speakeasies,
Pick Your Own Farms,
Tabletop Games,
Syrian,
Beer Garden,
Farmers Market,
Floral Designers,
Street Art,
Coffee & Tea Supplies,
Bulgarian,
Auto Detailing,
Scottish,
Pressure Washers,
Gutter Services,
Hardware Stores,
Whiskey Bars,
Tennis,
Baby Gear & Furniture,
Walking Tours,
Home Organization,
Pool & Billiards,
Medical Transportation,
Convenience Stores,
Street Vendors,
Hair Removal,
Chiropractors,
Parks,
Sporting Goods,
Smokehouse,
Recreation Centers,
Public Markets,
Comfort Food,
Soul Food,
Chicken Shop,
High Fidelity Audio Equipment,
Wine Tasting Room,
Czech,
Hotels & Travel,
Health Retreats,
Ice Delivery,
Arabian,
Turkish,
Tax Services,
Desserts,
Building Supplies,
Rehabilitation Center,
Real Estate,
British,
Nightlife,
Pet Training,
Country Dance Halls,
Bars,
Accountants,
Climbing,
Active Life,
Eyebrow Services,
Brewpubs,
Pop-up Shops,
Vegan,
Meat Shops,
LAN Centers,
Bowling,
Ski Resorts,
Sri Lankan,
Nicaraguan,
Cards & Stationery,
Brazilian Jiu-jitsu,
Fur Clothing,
Parenting Classes,
Pool & Hot Tub Service,
Singaporean,
Beer,
Seafood Markets,
Hookah Bars,
Argentine,
Wills,
Public Services & Government,
Latin American,
Paint-Your-Own Pottery,
Pet Services,
Dentists,
Tickets,
Real Estate Agents,
Golf Cart Dealers,
Hair Salons,
Cosmetic Surgeons,
Sicilian,
Skating Rinks,
American (New),
Discount Store,
Archery,
Summer Camps,
Pharmacy,
Chicken Wings,
Psychics,
Modern European,
Airport Terminals,
Champagne Bars,
Spiritual Shop,
French,
Hotels,
Immigration Law,
Ethnic Grocery,
Beach Bars,
Skydiving,
Comic Books,
Japanese,
Korean,
Venues & Event Spaces,
Contractors,
Bike Rentals,
Fireplace Services,
Tattoo,
Burmese,
Furniture Reupholstery,
Tuscan,
Gas Stations,
Cideries,
Gift Shops,
Mediterranean,
Persian/Iranian,
RV Repair,
Car Window Tinting,
Thrift Stores,
Dance Clubs,
Sports Bars,
Dry Cleaning & Laundry,
Home Health Care,
Shared Office Spaces,
Brazilian,
,'classy'
,WiFi
,RestaurantsAttire
,DietaryRestrictions
,OutdoorSeating
,'casual'
,BusinessAcceptsBitcoin
,BusinessAcceptsCreditCards
,BYOBCorkage
,Caters
,False}
,Corkage
,'divey'
,None
,HappyHour
,AcceptsInsurance
,RestaurantsDelivery
,BusinessParking
,'intimate'
,AgesAllowed
,False
,GoodForKids
,NoiseLevel
,HasTV
,CoatCheck
,RestaurantsTakeOut
,DriveThru
,True}
,GoodForMeal
,HairSpecializesIn
,RestaurantsGoodForGroups
,{'romantic'
,{'hipster'
,'trendy'
,Smoking
,'romantic'
,BestNights
,'touristy'
,RestaurantsReservations
,None}
,Alcohol
,True
,GoodForDancing
,'upscale'
,RestaurantsTableService
,Open24Hours
,DogsAllowed
,WheelchairAccessible
,Music
,RestaurantsPriceRange2
,{'touristy'
,BikeParking
,RestaurantsCounterService
,ByAppointmentOnly
,BYOB
,'hipster'
